
{
    "id": "player-lockout",
    "title": "Player Lockout",
    "description": "Prevent User Logins",
    "authors": [{"name":"Xaukael"}],
    "version": "1.0.1",
    "compatibility": {
        "minimum": "10",
        "verified": "11"
      },
    "scripts": ["player-lockout.js"],
    "dependencies": [],
    "url": "https://github.com/xaukael/player-lockout/",
    "manifest": "https://github.com/xaukael/player-lockout/raw/main/module.json",
    "download": "https://github.com/xaukael/player-lockout/raw/main/player-lockout.zip"
}